,
2022-03-05,
,,

"sinatra frank",33,2022-03-19,,,,,
sinatra,33,2022-03-04,,,,,
sinatra,33,2022-03-04,,,,,
sinatra,33,2022-03-04,,,,,
sinatra,33,2022-03-04,,,,,
sinatra,33,2022-03-04,,,,,
sinatra,33,2022-03-04,,,,,
sinatra,33,2022-03-04,,,,,
sinatra,33,2022-03-04,,,,,
,,,,,,,
,,,,,,,
,,,,,,,
,,,,,,,
,,,,,,,
,,,,,,,
,,,,,,,
,,,,,,,
,,,,,,,
,,,,,,,
,,,,,,,
,,,,,,,
,,,,,,,
,,,,,,,
,,,,,,,
,,,,,,,
,,,,,,,
,,,,,,,
,,,,,,,
,,,,,,,
,,,,,,,
,,,,,,,
,,,,,,,
jklkn,,,,kjjk,,,
jzfg,,,,,,,
jack,,,,,,,
jack,,,,,,,
jull,43,,,,,,
jull,43,,,,,,
jull,43,,,,,,
jull,43,,,,,,
jull,43,,,,,,
jull,43,,,,,,
jull,43,,,,,,
jull,43,,,,,,
jull,43,,,,,,
"sinatra frank",,2022-03-04,jhjhvjv,"rue des agents secrets 2",Gen√®ve,,
